"","year","month","neighbourhood","num_reviews","date"
"1","2017","01","Bijlmer-Centrum",21,2017-01-01
"2","2017","01","Bijlmer-Oost",5,2017-01-01
"3","2017","01","Bos en Lommer",69,2017-01-01
"4","2017","01","Buitenveldert - Zuidas",11,2017-01-01
"5","2017","01","Centrum-Oost",313,2017-01-01
"6","2017","01","Centrum-West",409,2017-01-01
"7","2017","01","De Aker - Nieuw Sloten",39,2017-01-01
"8","2017","01","De Baarsjes - Oud-West",254,2017-01-01
"9","2017","01","De Pijp - Rivierenbuurt",265,2017-01-01
"10","2017","01","Gaasperdam - Driemond",15,2017-01-01
"11","2017","01","Geuzenveld - Slotermeer",18,2017-01-01
"12","2017","01","IJburg - Zeeburgereiland",61,2017-01-01
"13","2017","01","Noord-Oost",28,2017-01-01
"14","2017","01","Noord-West",45,2017-01-01
"15","2017","01","Oostelijk Havengebied - Indische Buurt",65,2017-01-01
"16","2017","01","Osdorp",9,2017-01-01
"17","2017","01","Oud-Noord",74,2017-01-01
"18","2017","01","Oud-Oost",95,2017-01-01
"19","2017","01","Slotervaart",46,2017-01-01
"20","2017","01","Watergraafsmeer",51,2017-01-01
"21","2017","01","Westerpark",136,2017-01-01
"22","2017","01","Zuid",105,2017-01-01
"23","2017","01",NA,8,2017-01-01
"24","2017","02","Bijlmer-Centrum",17,2017-02-01
"25","2017","02","Bijlmer-Oost",4,2017-02-01
"26","2017","02","Bos en Lommer",78,2017-02-01
"27","2017","02","Buitenveldert - Zuidas",17,2017-02-01
"28","2017","02","Centrum-Oost",325,2017-02-01
"29","2017","02","Centrum-West",450,2017-02-01
"30","2017","02","De Aker - Nieuw Sloten",45,2017-02-01
"31","2017","02","De Baarsjes - Oud-West",249,2017-02-01
"32","2017","02","De Pijp - Rivierenbuurt",265,2017-02-01
"33","2017","02","Gaasperdam - Driemond",21,2017-02-01
"34","2017","02","Geuzenveld - Slotermeer",23,2017-02-01
"35","2017","02","IJburg - Zeeburgereiland",45,2017-02-01
"36","2017","02","Noord-Oost",28,2017-02-01
"37","2017","02","Noord-West",56,2017-02-01
"38","2017","02","Oostelijk Havengebied - Indische Buurt",48,2017-02-01
"39","2017","02","Osdorp",13,2017-02-01
"40","2017","02","Oud-Noord",89,2017-02-01
"41","2017","02","Oud-Oost",81,2017-02-01
"42","2017","02","Slotervaart",53,2017-02-01
"43","2017","02","Watergraafsmeer",44,2017-02-01
"44","2017","02","Westerpark",155,2017-02-01
"45","2017","02","Zuid",109,2017-02-01
"46","2017","02",NA,5,2017-02-01
"47","2017","03","Bijlmer-Centrum",23,2017-03-01
"48","2017","03","Bijlmer-Oost",3,2017-03-01
"49","2017","03","Bos en Lommer",76,2017-03-01
"50","2017","03","Buitenveldert - Zuidas",16,2017-03-01
"51","2017","03","Centrum-Oost",364,2017-03-01
"52","2017","03","Centrum-West",507,2017-03-01
"53","2017","03","De Aker - Nieuw Sloten",58,2017-03-01
"54","2017","03","De Baarsjes - Oud-West",291,2017-03-01
"55","2017","03","De Pijp - Rivierenbuurt",274,2017-03-01
"56","2017","03","Gaasperdam - Driemond",17,2017-03-01
"57","2017","03","Geuzenveld - Slotermeer",22,2017-03-01
"58","2017","03","IJburg - Zeeburgereiland",81,2017-03-01
"59","2017","03","Noord-Oost",39,2017-03-01
"60","2017","03","Noord-West",69,2017-03-01
"61","2017","03","Oostelijk Havengebied - Indische Buurt",71,2017-03-01
"62","2017","03","Osdorp",26,2017-03-01
"63","2017","03","Oud-Noord",98,2017-03-01
"64","2017","03","Oud-Oost",95,2017-03-01
"65","2017","03","Slotervaart",57,2017-03-01
"66","2017","03","Watergraafsmeer",51,2017-03-01
"67","2017","03","Westerpark",171,2017-03-01
"68","2017","03","Zuid",131,2017-03-01
"69","2017","03",NA,5,2017-03-01
"70","2017","04","Bijlmer-Centrum",40,2017-04-01
"71","2017","04","Bijlmer-Oost",4,2017-04-01
"72","2017","04","Bos en Lommer",148,2017-04-01
"73","2017","04","Buitenveldert - Zuidas",45,2017-04-01
"74","2017","04","Centrum-Oost",505,2017-04-01
"75","2017","04","Centrum-West",728,2017-04-01
"76","2017","04","De Aker - Nieuw Sloten",93,2017-04-01
"77","2017","04","De Baarsjes - Oud-West",531,2017-04-01
"78","2017","04","De Pijp - Rivierenbuurt",429,2017-04-01
"79","2017","04","Gaasperdam - Driemond",46,2017-04-01
"80","2017","04","Geuzenveld - Slotermeer",45,2017-04-01
"81","2017","04","IJburg - Zeeburgereiland",83,2017-04-01
"82","2017","04","Noord-Oost",108,2017-04-01
"83","2017","04","Noord-West",118,2017-04-01
"84","2017","04","Oostelijk Havengebied - Indische Buurt",133,2017-04-01
"85","2017","04","Osdorp",51,2017-04-01
"86","2017","04","Oud-Noord",151,2017-04-01
"87","2017","04","Oud-Oost",191,2017-04-01
"88","2017","04","Slotervaart",101,2017-04-01
"89","2017","04","Watergraafsmeer",85,2017-04-01
"90","2017","04","Westerpark",313,2017-04-01
"91","2017","04","Zuid",248,2017-04-01
"92","2017","04",NA,6,2017-04-01
"93","2017","05","Bijlmer-Centrum",55,2017-05-01
"94","2017","05","Bijlmer-Oost",8,2017-05-01
"95","2017","05","Bos en Lommer",148,2017-05-01
"96","2017","05","Buitenveldert - Zuidas",41,2017-05-01
"97","2017","05","Centrum-Oost",497,2017-05-01
"98","2017","05","Centrum-West",773,2017-05-01
"99","2017","05","De Aker - Nieuw Sloten",94,2017-05-01
"100","2017","05","De Baarsjes - Oud-West",486,2017-05-01
"101","2017","05","De Pijp - Rivierenbuurt",426,2017-05-01
"102","2017","05","Gaasperdam - Driemond",47,2017-05-01
"103","2017","05","Geuzenveld - Slotermeer",45,2017-05-01
"104","2017","05","IJburg - Zeeburgereiland",107,2017-05-01
"105","2017","05","Noord-Oost",122,2017-05-01
"106","2017","05","Noord-West",131,2017-05-01
"107","2017","05","Oostelijk Havengebied - Indische Buurt",148,2017-05-01
"108","2017","05","Osdorp",40,2017-05-01
"109","2017","05","Oud-Noord",137,2017-05-01
"110","2017","05","Oud-Oost",168,2017-05-01
"111","2017","05","Slotervaart",87,2017-05-01
"112","2017","05","Watergraafsmeer",109,2017-05-01
"113","2017","05","Westerpark",277,2017-05-01
"114","2017","05","Zuid",318,2017-05-01
"115","2017","05",NA,7,2017-05-01
"116","2017","06","Bijlmer-Centrum",45,2017-06-01
"117","2017","06","Bijlmer-Oost",3,2017-06-01
"118","2017","06","Bos en Lommer",101,2017-06-01
"119","2017","06","Buitenveldert - Zuidas",36,2017-06-01
"120","2017","06","Centrum-Oost",443,2017-06-01
"121","2017","06","Centrum-West",680,2017-06-01
"122","2017","06","De Aker - Nieuw Sloten",99,2017-06-01
"123","2017","06","De Baarsjes - Oud-West",375,2017-06-01
"124","2017","06","De Pijp - Rivierenbuurt",358,2017-06-01
"125","2017","06","Gaasperdam - Driemond",42,2017-06-01
"126","2017","06","Geuzenveld - Slotermeer",35,2017-06-01
"127","2017","06","IJburg - Zeeburgereiland",86,2017-06-01
"128","2017","06","Noord-Oost",78,2017-06-01
"129","2017","06","Noord-West",113,2017-06-01
"130","2017","06","Oostelijk Havengebied - Indische Buurt",120,2017-06-01
"131","2017","06","Osdorp",42,2017-06-01
"132","2017","06","Oud-Noord",116,2017-06-01
"133","2017","06","Oud-Oost",134,2017-06-01
"134","2017","06","Slotervaart",84,2017-06-01
"135","2017","06","Watergraafsmeer",87,2017-06-01
"136","2017","06","Westerpark",249,2017-06-01
"137","2017","06","Zuid",225,2017-06-01
"138","2017","06",NA,9,2017-06-01
"139","2017","07","Bijlmer-Centrum",56,2017-07-01
"140","2017","07","Bijlmer-Oost",4,2017-07-01
"141","2017","07","Bos en Lommer",118,2017-07-01
"142","2017","07","Buitenveldert - Zuidas",51,2017-07-01
"143","2017","07","Centrum-Oost",492,2017-07-01
"144","2017","07","Centrum-West",711,2017-07-01
"145","2017","07","De Aker - Nieuw Sloten",84,2017-07-01
"146","2017","07","De Baarsjes - Oud-West",437,2017-07-01
"147","2017","07","De Pijp - Rivierenbuurt",387,2017-07-01
"148","2017","07","Gaasperdam - Driemond",68,2017-07-01
"149","2017","07","Geuzenveld - Slotermeer",40,2017-07-01
"150","2017","07","IJburg - Zeeburgereiland",80,2017-07-01
"151","2017","07","Noord-Oost",92,2017-07-01
"152","2017","07","Noord-West",96,2017-07-01
"153","2017","07","Oostelijk Havengebied - Indische Buurt",121,2017-07-01
"154","2017","07","Osdorp",41,2017-07-01
"155","2017","07","Oud-Noord",131,2017-07-01
"156","2017","07","Oud-Oost",139,2017-07-01
"157","2017","07","Slotervaart",79,2017-07-01
"158","2017","07","Watergraafsmeer",96,2017-07-01
"159","2017","07","Westerpark",214,2017-07-01
"160","2017","07","Zuid",229,2017-07-01
"161","2017","07",NA,15,2017-07-01
"162","2017","08","Bijlmer-Centrum",59,2017-08-01
"163","2017","08","Bijlmer-Oost",3,2017-08-01
"164","2017","08","Bos en Lommer",109,2017-08-01
"165","2017","08","Buitenveldert - Zuidas",55,2017-08-01
"166","2017","08","Centrum-Oost",481,2017-08-01
"167","2017","08","Centrum-West",708,2017-08-01
"168","2017","08","De Aker - Nieuw Sloten",90,2017-08-01
"169","2017","08","De Baarsjes - Oud-West",551,2017-08-01
"170","2017","08","De Pijp - Rivierenbuurt",412,2017-08-01
"171","2017","08","Gaasperdam - Driemond",54,2017-08-01
"172","2017","08","Geuzenveld - Slotermeer",51,2017-08-01
"173","2017","08","IJburg - Zeeburgereiland",88,2017-08-01
"174","2017","08","Noord-Oost",129,2017-08-01
"175","2017","08","Noord-West",142,2017-08-01
"176","2017","08","Oostelijk Havengebied - Indische Buurt",154,2017-08-01
"177","2017","08","Osdorp",42,2017-08-01
"178","2017","08","Oud-Noord",144,2017-08-01
"179","2017","08","Oud-Oost",152,2017-08-01
"180","2017","08","Slotervaart",58,2017-08-01
"181","2017","08","Watergraafsmeer",122,2017-08-01
"182","2017","08","Westerpark",227,2017-08-01
"183","2017","08","Zuid",251,2017-08-01
"184","2017","08",NA,27,2017-08-01
"185","2017","09","Bijlmer-Centrum",42,2017-09-01
"186","2017","09","Bijlmer-Oost",3,2017-09-01
"187","2017","09","Bos en Lommer",112,2017-09-01
"188","2017","09","Buitenveldert - Zuidas",50,2017-09-01
"189","2017","09","Centrum-Oost",464,2017-09-01
"190","2017","09","Centrum-West",673,2017-09-01
"191","2017","09","De Aker - Nieuw Sloten",72,2017-09-01
"192","2017","09","De Baarsjes - Oud-West",454,2017-09-01
"193","2017","09","De Pijp - Rivierenbuurt",378,2017-09-01
"194","2017","09","Gaasperdam - Driemond",57,2017-09-01
"195","2017","09","Geuzenveld - Slotermeer",52,2017-09-01
"196","2017","09","IJburg - Zeeburgereiland",76,2017-09-01
"197","2017","09","Noord-Oost",90,2017-09-01
"198","2017","09","Noord-West",107,2017-09-01
"199","2017","09","Oostelijk Havengebied - Indische Buurt",116,2017-09-01
"200","2017","09","Osdorp",46,2017-09-01
"201","2017","09","Oud-Noord",128,2017-09-01
"202","2017","09","Oud-Oost",133,2017-09-01
"203","2017","09","Slotervaart",64,2017-09-01
"204","2017","09","Watergraafsmeer",78,2017-09-01
"205","2017","09","Westerpark",234,2017-09-01
"206","2017","09","Zuid",244,2017-09-01
"207","2017","09",NA,13,2017-09-01
"208","2017","10","Bijlmer-Centrum",60,2017-10-01
"209","2017","10","Bijlmer-Oost",9,2017-10-01
"210","2017","10","Bos en Lommer",130,2017-10-01
"211","2017","10","Buitenveldert - Zuidas",30,2017-10-01
"212","2017","10","Centrum-Oost",464,2017-10-01
"213","2017","10","Centrum-West",721,2017-10-01
"214","2017","10","De Aker - Nieuw Sloten",89,2017-10-01
"215","2017","10","De Baarsjes - Oud-West",499,2017-10-01
"216","2017","10","De Pijp - Rivierenbuurt",395,2017-10-01
"217","2017","10","Gaasperdam - Driemond",75,2017-10-01
"218","2017","10","Geuzenveld - Slotermeer",44,2017-10-01
"219","2017","10","IJburg - Zeeburgereiland",92,2017-10-01
"220","2017","10","Noord-Oost",88,2017-10-01
"221","2017","10","Noord-West",123,2017-10-01
"222","2017","10","Oostelijk Havengebied - Indische Buurt",118,2017-10-01
"223","2017","10","Osdorp",46,2017-10-01
"224","2017","10","Oud-Noord",140,2017-10-01
"225","2017","10","Oud-Oost",141,2017-10-01
"226","2017","10","Slotervaart",75,2017-10-01
"227","2017","10","Watergraafsmeer",91,2017-10-01
"228","2017","10","Westerpark",226,2017-10-01
"229","2017","10","Zuid",269,2017-10-01
"230","2017","10",NA,3,2017-10-01
"231","2017","11","Bijlmer-Centrum",53,2017-11-01
"232","2017","11","Bijlmer-Oost",9,2017-11-01
"233","2017","11","Bos en Lommer",78,2017-11-01
"234","2017","11","Buitenveldert - Zuidas",22,2017-11-01
"235","2017","11","Centrum-Oost",366,2017-11-01
"236","2017","11","Centrum-West",540,2017-11-01
"237","2017","11","De Aker - Nieuw Sloten",48,2017-11-01
"238","2017","11","De Baarsjes - Oud-West",357,2017-11-01
"239","2017","11","De Pijp - Rivierenbuurt",242,2017-11-01
"240","2017","11","Gaasperdam - Driemond",40,2017-11-01
"241","2017","11","Geuzenveld - Slotermeer",25,2017-11-01
"242","2017","11","IJburg - Zeeburgereiland",70,2017-11-01
"243","2017","11","Noord-Oost",45,2017-11-01
"244","2017","11","Noord-West",82,2017-11-01
"245","2017","11","Oostelijk Havengebied - Indische Buurt",80,2017-11-01
"246","2017","11","Osdorp",31,2017-11-01
"247","2017","11","Oud-Noord",107,2017-11-01
"248","2017","11","Oud-Oost",94,2017-11-01
"249","2017","11","Slotervaart",55,2017-11-01
"250","2017","11","Watergraafsmeer",74,2017-11-01
"251","2017","11","Westerpark",165,2017-11-01
"252","2017","11","Zuid",163,2017-11-01
"253","2017","11",NA,2,2017-11-01
"254","2017","12","Bijlmer-Centrum",40,2017-12-01
"255","2017","12","Bijlmer-Oost",7,2017-12-01
"256","2017","12","Bos en Lommer",57,2017-12-01
"257","2017","12","Buitenveldert - Zuidas",14,2017-12-01
"258","2017","12","Centrum-Oost",337,2017-12-01
"259","2017","12","Centrum-West",518,2017-12-01
"260","2017","12","De Aker - Nieuw Sloten",39,2017-12-01
"261","2017","12","De Baarsjes - Oud-West",332,2017-12-01
"262","2017","12","De Pijp - Rivierenbuurt",241,2017-12-01
"263","2017","12","Gaasperdam - Driemond",33,2017-12-01
"264","2017","12","Geuzenveld - Slotermeer",24,2017-12-01
"265","2017","12","IJburg - Zeeburgereiland",53,2017-12-01
"266","2017","12","Noord-Oost",43,2017-12-01
"267","2017","12","Noord-West",59,2017-12-01
"268","2017","12","Oostelijk Havengebied - Indische Buurt",59,2017-12-01
"269","2017","12","Osdorp",24,2017-12-01
"270","2017","12","Oud-Noord",108,2017-12-01
"271","2017","12","Oud-Oost",82,2017-12-01
"272","2017","12","Slotervaart",44,2017-12-01
"273","2017","12","Watergraafsmeer",74,2017-12-01
"274","2017","12","Westerpark",139,2017-12-01
"275","2017","12","Zuid",152,2017-12-01
"276","2017","12",NA,5,2017-12-01
"277","2018","01","Bijlmer-Centrum",51,2018-01-01
"278","2018","01","Bijlmer-Oost",7,2018-01-01
"279","2018","01","Bos en Lommer",78,2018-01-01
"280","2018","01","Buitenveldert - Zuidas",21,2018-01-01
"281","2018","01","Centrum-Oost",369,2018-01-01
"282","2018","01","Centrum-West",545,2018-01-01
"283","2018","01","De Aker - Nieuw Sloten",45,2018-01-01
"284","2018","01","De Baarsjes - Oud-West",372,2018-01-01
"285","2018","01","De Pijp - Rivierenbuurt",251,2018-01-01
"286","2018","01","Gaasperdam - Driemond",28,2018-01-01
"287","2018","01","Geuzenveld - Slotermeer",29,2018-01-01
"288","2018","01","IJburg - Zeeburgereiland",63,2018-01-01
"289","2018","01","Noord-Oost",60,2018-01-01
"290","2018","01","Noord-West",68,2018-01-01
"291","2018","01","Oostelijk Havengebied - Indische Buurt",59,2018-01-01
"292","2018","01","Osdorp",30,2018-01-01
"293","2018","01","Oud-Noord",129,2018-01-01
"294","2018","01","Oud-Oost",105,2018-01-01
"295","2018","01","Slotervaart",51,2018-01-01
"296","2018","01","Watergraafsmeer",80,2018-01-01
"297","2018","01","Westerpark",161,2018-01-01
"298","2018","01","Zuid",166,2018-01-01
"299","2018","01",NA,9,2018-01-01
"300","2018","02","Bijlmer-Centrum",41,2018-02-01
"301","2018","02","Bijlmer-Oost",8,2018-02-01
"302","2018","02","Bos en Lommer",89,2018-02-01
"303","2018","02","Buitenveldert - Zuidas",19,2018-02-01
"304","2018","02","Centrum-Oost",392,2018-02-01
"305","2018","02","Centrum-West",604,2018-02-01
"306","2018","02","De Aker - Nieuw Sloten",63,2018-02-01
"307","2018","02","De Baarsjes - Oud-West",385,2018-02-01
"308","2018","02","De Pijp - Rivierenbuurt",284,2018-02-01
"309","2018","02","Gaasperdam - Driemond",33,2018-02-01
"310","2018","02","Geuzenveld - Slotermeer",25,2018-02-01
"311","2018","02","IJburg - Zeeburgereiland",42,2018-02-01
"312","2018","02","Noord-Oost",45,2018-02-01
"313","2018","02","Noord-West",66,2018-02-01
"314","2018","02","Oostelijk Havengebied - Indische Buurt",57,2018-02-01
"315","2018","02","Osdorp",23,2018-02-01
"316","2018","02","Oud-Noord",106,2018-02-01
"317","2018","02","Oud-Oost",78,2018-02-01
"318","2018","02","Slotervaart",49,2018-02-01
"319","2018","02","Watergraafsmeer",84,2018-02-01
"320","2018","02","Westerpark",164,2018-02-01
"321","2018","02","Zuid",159,2018-02-01
"322","2018","02",NA,4,2018-02-01
"323","2018","03","Bijlmer-Centrum",63,2018-03-01
"324","2018","03","Bijlmer-Oost",12,2018-03-01
"325","2018","03","Bos en Lommer",120,2018-03-01
"326","2018","03","Buitenveldert - Zuidas",35,2018-03-01
"327","2018","03","Centrum-Oost",454,2018-03-01
"328","2018","03","Centrum-West",735,2018-03-01
"329","2018","03","De Aker - Nieuw Sloten",64,2018-03-01
"330","2018","03","De Baarsjes - Oud-West",465,2018-03-01
"331","2018","03","De Pijp - Rivierenbuurt",348,2018-03-01
"332","2018","03","Gaasperdam - Driemond",39,2018-03-01
"333","2018","03","Geuzenveld - Slotermeer",44,2018-03-01
"334","2018","03","IJburg - Zeeburgereiland",68,2018-03-01
"335","2018","03","Noord-Oost",61,2018-03-01
"336","2018","03","Noord-West",78,2018-03-01
"337","2018","03","Oostelijk Havengebied - Indische Buurt",106,2018-03-01
"338","2018","03","Osdorp",33,2018-03-01
"339","2018","03","Oud-Noord",134,2018-03-01
"340","2018","03","Oud-Oost",107,2018-03-01
"341","2018","03","Slotervaart",70,2018-03-01
"342","2018","03","Watergraafsmeer",109,2018-03-01
"343","2018","03","Westerpark",209,2018-03-01
"344","2018","03","Zuid",195,2018-03-01
"345","2018","03",NA,4,2018-03-01
"346","2018","04","Bijlmer-Centrum",86,2018-04-01
"347","2018","04","Bijlmer-Oost",19,2018-04-01
"348","2018","04","Bos en Lommer",183,2018-04-01
"349","2018","04","Buitenveldert - Zuidas",55,2018-04-01
"350","2018","04","Centrum-Oost",575,2018-04-01
"351","2018","04","Centrum-West",978,2018-04-01
"352","2018","04","De Aker - Nieuw Sloten",101,2018-04-01
"353","2018","04","De Baarsjes - Oud-West",633,2018-04-01
"354","2018","04","De Pijp - Rivierenbuurt",504,2018-04-01
"355","2018","04","Gaasperdam - Driemond",78,2018-04-01
"356","2018","04","Geuzenveld - Slotermeer",56,2018-04-01
"357","2018","04","IJburg - Zeeburgereiland",103,2018-04-01
"358","2018","04","Noord-Oost",124,2018-04-01
"359","2018","04","Noord-West",137,2018-04-01
"360","2018","04","Oostelijk Havengebied - Indische Buurt",146,2018-04-01
"361","2018","04","Osdorp",39,2018-04-01
"362","2018","04","Oud-Noord",206,2018-04-01
"363","2018","04","Oud-Oost",197,2018-04-01
"364","2018","04","Slotervaart",85,2018-04-01
"365","2018","04","Watergraafsmeer",144,2018-04-01
"366","2018","04","Westerpark",269,2018-04-01
"367","2018","04","Zuid",343,2018-04-01
"368","2018","04",NA,14,2018-04-01
"369","2018","05","Bijlmer-Centrum",87,2018-05-01
"370","2018","05","Bijlmer-Oost",16,2018-05-01
"371","2018","05","Bos en Lommer",187,2018-05-01
"372","2018","05","Buitenveldert - Zuidas",76,2018-05-01
"373","2018","05","Centrum-Oost",617,2018-05-01
"374","2018","05","Centrum-West",1024,2018-05-01
"375","2018","05","De Aker - Nieuw Sloten",115,2018-05-01
"376","2018","05","De Baarsjes - Oud-West",677,2018-05-01
"377","2018","05","De Pijp - Rivierenbuurt",518,2018-05-01
"378","2018","05","Gaasperdam - Driemond",99,2018-05-01
"379","2018","05","Geuzenveld - Slotermeer",71,2018-05-01
"380","2018","05","IJburg - Zeeburgereiland",113,2018-05-01
"381","2018","05","Noord-Oost",161,2018-05-01
"382","2018","05","Noord-West",154,2018-05-01
"383","2018","05","Oostelijk Havengebied - Indische Buurt",154,2018-05-01
"384","2018","05","Osdorp",52,2018-05-01
"385","2018","05","Oud-Noord",194,2018-05-01
"386","2018","05","Oud-Oost",183,2018-05-01
"387","2018","05","Slotervaart",96,2018-05-01
"388","2018","05","Watergraafsmeer",170,2018-05-01
"389","2018","05","Westerpark",284,2018-05-01
"390","2018","05","Zuid",350,2018-05-01
"391","2018","05",NA,17,2018-05-01
"392","2018","06","Bijlmer-Centrum",110,2018-06-01
"393","2018","06","Bijlmer-Oost",13,2018-06-01
"394","2018","06","Bos en Lommer",155,2018-06-01
"395","2018","06","Buitenveldert - Zuidas",57,2018-06-01
"396","2018","06","Centrum-Oost",585,2018-06-01
"397","2018","06","Centrum-West",987,2018-06-01
"398","2018","06","De Aker - Nieuw Sloten",101,2018-06-01
"399","2018","06","De Baarsjes - Oud-West",574,2018-06-01
"400","2018","06","De Pijp - Rivierenbuurt",459,2018-06-01
"401","2018","06","Gaasperdam - Driemond",78,2018-06-01
"402","2018","06","Geuzenveld - Slotermeer",63,2018-06-01
"403","2018","06","IJburg - Zeeburgereiland",111,2018-06-01
"404","2018","06","Noord-Oost",158,2018-06-01
"405","2018","06","Noord-West",130,2018-06-01
"406","2018","06","Oostelijk Havengebied - Indische Buurt",117,2018-06-01
"407","2018","06","Osdorp",52,2018-06-01
"408","2018","06","Oud-Noord",199,2018-06-01
"409","2018","06","Oud-Oost",162,2018-06-01
"410","2018","06","Slotervaart",73,2018-06-01
"411","2018","06","Watergraafsmeer",158,2018-06-01
"412","2018","06","Westerpark",231,2018-06-01
"413","2018","06","Zuid",326,2018-06-01
"414","2018","06",NA,14,2018-06-01
"415","2018","07","Bijlmer-Centrum",76,2018-07-01
"416","2018","07","Bijlmer-Oost",18,2018-07-01
"417","2018","07","Bos en Lommer",147,2018-07-01
"418","2018","07","Buitenveldert - Zuidas",69,2018-07-01
"419","2018","07","Centrum-Oost",666,2018-07-01
"420","2018","07","Centrum-West",1020,2018-07-01
"421","2018","07","De Aker - Nieuw Sloten",88,2018-07-01
"422","2018","07","De Baarsjes - Oud-West",653,2018-07-01
"423","2018","07","De Pijp - Rivierenbuurt",476,2018-07-01
"424","2018","07","Gaasperdam - Driemond",95,2018-07-01
"425","2018","07","Geuzenveld - Slotermeer",65,2018-07-01
"426","2018","07","IJburg - Zeeburgereiland",133,2018-07-01
"427","2018","07","Noord-Oost",177,2018-07-01
"428","2018","07","Noord-West",149,2018-07-01
"429","2018","07","Oostelijk Havengebied - Indische Buurt",152,2018-07-01
"430","2018","07","Osdorp",61,2018-07-01
"431","2018","07","Oud-Noord",232,2018-07-01
"432","2018","07","Oud-Oost",172,2018-07-01
"433","2018","07","Slotervaart",88,2018-07-01
"434","2018","07","Watergraafsmeer",161,2018-07-01
"435","2018","07","Westerpark",229,2018-07-01
"436","2018","07","Zuid",313,2018-07-01
"437","2018","07",NA,21,2018-07-01
"438","2018","08","Bijlmer-Centrum",77,2018-08-01
"439","2018","08","Bijlmer-Oost",15,2018-08-01
"440","2018","08","Bos en Lommer",172,2018-08-01
"441","2018","08","Buitenveldert - Zuidas",73,2018-08-01
"442","2018","08","Centrum-Oost",639,2018-08-01
"443","2018","08","Centrum-West",981,2018-08-01
"444","2018","08","De Aker - Nieuw Sloten",82,2018-08-01
"445","2018","08","De Baarsjes - Oud-West",694,2018-08-01
"446","2018","08","De Pijp - Rivierenbuurt",498,2018-08-01
"447","2018","08","Gaasperdam - Driemond",86,2018-08-01
"448","2018","08","Geuzenveld - Slotermeer",54,2018-08-01
"449","2018","08","IJburg - Zeeburgereiland",154,2018-08-01
"450","2018","08","Noord-Oost",183,2018-08-01
"451","2018","08","Noord-West",139,2018-08-01
"452","2018","08","Oostelijk Havengebied - Indische Buurt",160,2018-08-01
"453","2018","08","Osdorp",74,2018-08-01
"454","2018","08","Oud-Noord",216,2018-08-01
"455","2018","08","Oud-Oost",214,2018-08-01
"456","2018","08","Slotervaart",89,2018-08-01
"457","2018","08","Watergraafsmeer",173,2018-08-01
"458","2018","08","Westerpark",254,2018-08-01
"459","2018","08","Zuid",309,2018-08-01
"460","2018","08",NA,51,2018-08-01
"461","2018","09","Bijlmer-Centrum",82,2018-09-01
"462","2018","09","Bijlmer-Oost",12,2018-09-01
"463","2018","09","Bos en Lommer",170,2018-09-01
"464","2018","09","Buitenveldert - Zuidas",60,2018-09-01
"465","2018","09","Centrum-Oost",618,2018-09-01
"466","2018","09","Centrum-West",1074,2018-09-01
"467","2018","09","De Aker - Nieuw Sloten",107,2018-09-01
"468","2018","09","De Baarsjes - Oud-West",613,2018-09-01
"469","2018","09","De Pijp - Rivierenbuurt",518,2018-09-01
"470","2018","09","Gaasperdam - Driemond",69,2018-09-01
"471","2018","09","Geuzenveld - Slotermeer",54,2018-09-01
"472","2018","09","IJburg - Zeeburgereiland",94,2018-09-01
"473","2018","09","Noord-Oost",114,2018-09-01
"474","2018","09","Noord-West",136,2018-09-01
"475","2018","09","Oostelijk Havengebied - Indische Buurt",152,2018-09-01
"476","2018","09","Osdorp",59,2018-09-01
"477","2018","09","Oud-Noord",162,2018-09-01
"478","2018","09","Oud-Oost",165,2018-09-01
"479","2018","09","Slotervaart",91,2018-09-01
"480","2018","09","Watergraafsmeer",154,2018-09-01
"481","2018","09","Westerpark",265,2018-09-01
"482","2018","09","Zuid",305,2018-09-01
"483","2018","09",NA,16,2018-09-01
"484","2018","10","Bijlmer-Centrum",115,2018-10-01
"485","2018","10","Bijlmer-Oost",9,2018-10-01
"486","2018","10","Bos en Lommer",169,2018-10-01
"487","2018","10","Buitenveldert - Zuidas",55,2018-10-01
"488","2018","10","Centrum-Oost",708,2018-10-01
"489","2018","10","Centrum-West",1050,2018-10-01
"490","2018","10","De Aker - Nieuw Sloten",112,2018-10-01
"491","2018","10","De Baarsjes - Oud-West",660,2018-10-01
"492","2018","10","De Pijp - Rivierenbuurt",494,2018-10-01
"493","2018","10","Gaasperdam - Driemond",85,2018-10-01
"494","2018","10","Geuzenveld - Slotermeer",86,2018-10-01
"495","2018","10","IJburg - Zeeburgereiland",108,2018-10-01
"496","2018","10","Noord-Oost",141,2018-10-01
"497","2018","10","Noord-West",130,2018-10-01
"498","2018","10","Oostelijk Havengebied - Indische Buurt",146,2018-10-01
"499","2018","10","Osdorp",73,2018-10-01
"500","2018","10","Oud-Noord",200,2018-10-01
"501","2018","10","Oud-Oost",194,2018-10-01
"502","2018","10","Slotervaart",108,2018-10-01
"503","2018","10","Watergraafsmeer",171,2018-10-01
"504","2018","10","Westerpark",250,2018-10-01
"505","2018","10","Zuid",305,2018-10-01
"506","2018","10",NA,17,2018-10-01
"507","2018","11","Bijlmer-Centrum",55,2018-11-01
"508","2018","11","Bijlmer-Oost",10,2018-11-01
"509","2018","11","Bos en Lommer",115,2018-11-01
"510","2018","11","Buitenveldert - Zuidas",41,2018-11-01
"511","2018","11","Centrum-Oost",591,2018-11-01
"512","2018","11","Centrum-West",877,2018-11-01
"513","2018","11","De Aker - Nieuw Sloten",80,2018-11-01
"514","2018","11","De Baarsjes - Oud-West",490,2018-11-01
"515","2018","11","De Pijp - Rivierenbuurt",395,2018-11-01
"516","2018","11","Gaasperdam - Driemond",63,2018-11-01
"517","2018","11","Geuzenveld - Slotermeer",57,2018-11-01
"518","2018","11","IJburg - Zeeburgereiland",84,2018-11-01
"519","2018","11","Noord-Oost",80,2018-11-01
"520","2018","11","Noord-West",86,2018-11-01
"521","2018","11","Oostelijk Havengebied - Indische Buurt",99,2018-11-01
"522","2018","11","Osdorp",43,2018-11-01
"523","2018","11","Oud-Noord",156,2018-11-01
"524","2018","11","Oud-Oost",124,2018-11-01
"525","2018","11","Slotervaart",71,2018-11-01
"526","2018","11","Watergraafsmeer",132,2018-11-01
"527","2018","11","Westerpark",174,2018-11-01
"528","2018","11","Zuid",236,2018-11-01
"529","2018","11",NA,12,2018-11-01
"530","2018","12","Bijlmer-Centrum",63,2018-12-01
"531","2018","12","Bijlmer-Oost",7,2018-12-01
"532","2018","12","Bos en Lommer",77,2018-12-01
"533","2018","12","Buitenveldert - Zuidas",35,2018-12-01
"534","2018","12","Centrum-Oost",506,2018-12-01
"535","2018","12","Centrum-West",775,2018-12-01
"536","2018","12","De Aker - Nieuw Sloten",80,2018-12-01
"537","2018","12","De Baarsjes - Oud-West",444,2018-12-01
"538","2018","12","De Pijp - Rivierenbuurt",337,2018-12-01
"539","2018","12","Gaasperdam - Driemond",29,2018-12-01
"540","2018","12","Geuzenveld - Slotermeer",30,2018-12-01
"541","2018","12","IJburg - Zeeburgereiland",71,2018-12-01
"542","2018","12","Noord-Oost",79,2018-12-01
"543","2018","12","Noord-West",60,2018-12-01
"544","2018","12","Oostelijk Havengebied - Indische Buurt",79,2018-12-01
"545","2018","12","Osdorp",44,2018-12-01
"546","2018","12","Oud-Noord",140,2018-12-01
"547","2018","12","Oud-Oost",119,2018-12-01
"548","2018","12","Slotervaart",65,2018-12-01
"549","2018","12","Watergraafsmeer",98,2018-12-01
"550","2018","12","Westerpark",159,2018-12-01
"551","2018","12","Zuid",197,2018-12-01
"552","2018","12",NA,8,2018-12-01
"553","2019","01","Bijlmer-Centrum",39,2019-01-01
"554","2019","01","Bijlmer-Oost",9,2019-01-01
"555","2019","01","Bos en Lommer",91,2019-01-01
"556","2019","01","Buitenveldert - Zuidas",41,2019-01-01
"557","2019","01","Centrum-Oost",549,2019-01-01
"558","2019","01","Centrum-West",836,2019-01-01
"559","2019","01","De Aker - Nieuw Sloten",94,2019-01-01
"560","2019","01","De Baarsjes - Oud-West",461,2019-01-01
"561","2019","01","De Pijp - Rivierenbuurt",328,2019-01-01
"562","2019","01","Gaasperdam - Driemond",45,2019-01-01
"563","2019","01","Geuzenveld - Slotermeer",54,2019-01-01
"564","2019","01","IJburg - Zeeburgereiland",83,2019-01-01
"565","2019","01","Noord-Oost",68,2019-01-01
"566","2019","01","Noord-West",88,2019-01-01
"567","2019","01","Oostelijk Havengebied - Indische Buurt",87,2019-01-01
"568","2019","01","Osdorp",35,2019-01-01
"569","2019","01","Oud-Noord",141,2019-01-01
"570","2019","01","Oud-Oost",128,2019-01-01
"571","2019","01","Slotervaart",59,2019-01-01
"572","2019","01","Watergraafsmeer",110,2019-01-01
"573","2019","01","Westerpark",169,2019-01-01
"574","2019","01","Zuid",206,2019-01-01
"575","2019","01",NA,14,2019-01-01
"576","2019","02","Bijlmer-Centrum",62,2019-02-01
"577","2019","02","Bijlmer-Oost",7,2019-02-01
"578","2019","02","Bos en Lommer",106,2019-02-01
"579","2019","02","Buitenveldert - Zuidas",32,2019-02-01
"580","2019","02","Centrum-Oost",568,2019-02-01
"581","2019","02","Centrum-West",887,2019-02-01
"582","2019","02","De Aker - Nieuw Sloten",78,2019-02-01
"583","2019","02","De Baarsjes - Oud-West",482,2019-02-01
"584","2019","02","De Pijp - Rivierenbuurt",368,2019-02-01
"585","2019","02","Gaasperdam - Driemond",46,2019-02-01
"586","2019","02","Geuzenveld - Slotermeer",67,2019-02-01
"587","2019","02","IJburg - Zeeburgereiland",64,2019-02-01
"588","2019","02","Noord-Oost",91,2019-02-01
"589","2019","02","Noord-West",87,2019-02-01
"590","2019","02","Oostelijk Havengebied - Indische Buurt",86,2019-02-01
"591","2019","02","Osdorp",34,2019-02-01
"592","2019","02","Oud-Noord",138,2019-02-01
"593","2019","02","Oud-Oost",129,2019-02-01
"594","2019","02","Slotervaart",81,2019-02-01
"595","2019","02","Watergraafsmeer",135,2019-02-01
"596","2019","02","Westerpark",157,2019-02-01
"597","2019","02","Zuid",220,2019-02-01
"598","2019","02",NA,7,2019-02-01
"599","2019","03","Bijlmer-Centrum",59,2019-03-01
"600","2019","03","Bijlmer-Oost",10,2019-03-01
"601","2019","03","Bos en Lommer",158,2019-03-01
"602","2019","03","Buitenveldert - Zuidas",54,2019-03-01
"603","2019","03","Centrum-Oost",731,2019-03-01
"604","2019","03","Centrum-West",1071,2019-03-01
"605","2019","03","De Aker - Nieuw Sloten",101,2019-03-01
"606","2019","03","De Baarsjes - Oud-West",608,2019-03-01
"607","2019","03","De Pijp - Rivierenbuurt",454,2019-03-01
"608","2019","03","Gaasperdam - Driemond",62,2019-03-01
"609","2019","03","Geuzenveld - Slotermeer",77,2019-03-01
"610","2019","03","IJburg - Zeeburgereiland",102,2019-03-01
"611","2019","03","Noord-Oost",129,2019-03-01
"612","2019","03","Noord-West",93,2019-03-01
"613","2019","03","Oostelijk Havengebied - Indische Buurt",135,2019-03-01
"614","2019","03","Osdorp",47,2019-03-01
"615","2019","03","Oud-Noord",195,2019-03-01
"616","2019","03","Oud-Oost",161,2019-03-01
"617","2019","03","Slotervaart",98,2019-03-01
"618","2019","03","Watergraafsmeer",171,2019-03-01
"619","2019","03","Westerpark",219,2019-03-01
"620","2019","03","Zuid",268,2019-03-01
"621","2019","03",NA,14,2019-03-01
"622","2019","04","Bijlmer-Centrum",108,2019-04-01
"623","2019","04","Bijlmer-Oost",13,2019-04-01
"624","2019","04","Bos en Lommer",175,2019-04-01
"625","2019","04","Buitenveldert - Zuidas",105,2019-04-01
"626","2019","04","Centrum-Oost",808,2019-04-01
"627","2019","04","Centrum-West",1310,2019-04-01
"628","2019","04","De Aker - Nieuw Sloten",170,2019-04-01
"629","2019","04","De Baarsjes - Oud-West",813,2019-04-01
"630","2019","04","De Pijp - Rivierenbuurt",592,2019-04-01
"631","2019","04","Gaasperdam - Driemond",127,2019-04-01
"632","2019","04","Geuzenveld - Slotermeer",100,2019-04-01
"633","2019","04","IJburg - Zeeburgereiland",143,2019-04-01
"634","2019","04","Noord-Oost",256,2019-04-01
"635","2019","04","Noord-West",179,2019-04-01
"636","2019","04","Oostelijk Havengebied - Indische Buurt",175,2019-04-01
"637","2019","04","Osdorp",75,2019-04-01
"638","2019","04","Oud-Noord",229,2019-04-01
"639","2019","04","Oud-Oost",221,2019-04-01
"640","2019","04","Slotervaart",111,2019-04-01
"641","2019","04","Watergraafsmeer",211,2019-04-01
"642","2019","04","Westerpark",316,2019-04-01
"643","2019","04","Zuid",445,2019-04-01
"644","2019","04",NA,37,2019-04-01
"645","2019","05","Bijlmer-Centrum",116,2019-05-01
"646","2019","05","Bijlmer-Oost",12,2019-05-01
"647","2019","05","Bos en Lommer",169,2019-05-01
"648","2019","05","Buitenveldert - Zuidas",87,2019-05-01
"649","2019","05","Centrum-Oost",837,2019-05-01
"650","2019","05","Centrum-West",1357,2019-05-01
"651","2019","05","De Aker - Nieuw Sloten",161,2019-05-01
"652","2019","05","De Baarsjes - Oud-West",694,2019-05-01
"653","2019","05","De Pijp - Rivierenbuurt",566,2019-05-01
"654","2019","05","Gaasperdam - Driemond",106,2019-05-01
"655","2019","05","Geuzenveld - Slotermeer",124,2019-05-01
"656","2019","05","IJburg - Zeeburgereiland",137,2019-05-01
"657","2019","05","Noord-Oost",232,2019-05-01
"658","2019","05","Noord-West",151,2019-05-01
"659","2019","05","Oostelijk Havengebied - Indische Buurt",189,2019-05-01
"660","2019","05","Osdorp",65,2019-05-01
"661","2019","05","Oud-Noord",251,2019-05-01
"662","2019","05","Oud-Oost",219,2019-05-01
"663","2019","05","Slotervaart",108,2019-05-01
"664","2019","05","Watergraafsmeer",220,2019-05-01
"665","2019","05","Westerpark",303,2019-05-01
"666","2019","05","Zuid",404,2019-05-01
"667","2019","05",NA,24,2019-05-01
"668","2019","06","Bijlmer-Centrum",116,2019-06-01
"669","2019","06","Bijlmer-Oost",13,2019-06-01
"670","2019","06","Bos en Lommer",163,2019-06-01
"671","2019","06","Buitenveldert - Zuidas",114,2019-06-01
"672","2019","06","Centrum-Oost",809,2019-06-01
"673","2019","06","Centrum-West",1340,2019-06-01
"674","2019","06","De Aker - Nieuw Sloten",165,2019-06-01
"675","2019","06","De Baarsjes - Oud-West",744,2019-06-01
"676","2019","06","De Pijp - Rivierenbuurt",598,2019-06-01
"677","2019","06","Gaasperdam - Driemond",106,2019-06-01
"678","2019","06","Geuzenveld - Slotermeer",121,2019-06-01
"679","2019","06","IJburg - Zeeburgereiland",152,2019-06-01
"680","2019","06","Noord-Oost",245,2019-06-01
"681","2019","06","Noord-West",187,2019-06-01
"682","2019","06","Oostelijk Havengebied - Indische Buurt",176,2019-06-01
"683","2019","06","Osdorp",75,2019-06-01
"684","2019","06","Oud-Noord",232,2019-06-01
"685","2019","06","Oud-Oost",234,2019-06-01
"686","2019","06","Slotervaart",113,2019-06-01
"687","2019","06","Watergraafsmeer",248,2019-06-01
"688","2019","06","Westerpark",291,2019-06-01
"689","2019","06","Zuid",385,2019-06-01
"690","2019","06",NA,45,2019-06-01
"691","2019","07","Bijlmer-Centrum",85,2019-07-01
"692","2019","07","Bijlmer-Oost",16,2019-07-01
"693","2019","07","Bos en Lommer",158,2019-07-01
"694","2019","07","Buitenveldert - Zuidas",103,2019-07-01
"695","2019","07","Centrum-Oost",814,2019-07-01
"696","2019","07","Centrum-West",1272,2019-07-01
"697","2019","07","De Aker - Nieuw Sloten",153,2019-07-01
"698","2019","07","De Baarsjes - Oud-West",748,2019-07-01
"699","2019","07","De Pijp - Rivierenbuurt",550,2019-07-01
"700","2019","07","Gaasperdam - Driemond",97,2019-07-01
"701","2019","07","Geuzenveld - Slotermeer",125,2019-07-01
"702","2019","07","IJburg - Zeeburgereiland",154,2019-07-01
"703","2019","07","Noord-Oost",247,2019-07-01
"704","2019","07","Noord-West",176,2019-07-01
"705","2019","07","Oostelijk Havengebied - Indische Buurt",174,2019-07-01
"706","2019","07","Osdorp",83,2019-07-01
"707","2019","07","Oud-Noord",225,2019-07-01
"708","2019","07","Oud-Oost",278,2019-07-01
"709","2019","07","Slotervaart",94,2019-07-01
"710","2019","07","Watergraafsmeer",199,2019-07-01
"711","2019","07","Westerpark",248,2019-07-01
"712","2019","07","Zuid",346,2019-07-01
"713","2019","07",NA,72,2019-07-01
"714","2019","08","Bijlmer-Centrum",101,2019-08-01
"715","2019","08","Bijlmer-Oost",32,2019-08-01
"716","2019","08","Bos en Lommer",170,2019-08-01
"717","2019","08","Buitenveldert - Zuidas",114,2019-08-01
"718","2019","08","Centrum-Oost",789,2019-08-01
"719","2019","08","Centrum-West",1265,2019-08-01
"720","2019","08","De Aker - Nieuw Sloten",133,2019-08-01
"721","2019","08","De Baarsjes - Oud-West",762,2019-08-01
"722","2019","08","De Pijp - Rivierenbuurt",534,2019-08-01
"723","2019","08","Gaasperdam - Driemond",100,2019-08-01
"724","2019","08","Geuzenveld - Slotermeer",152,2019-08-01
"725","2019","08","IJburg - Zeeburgereiland",147,2019-08-01
"726","2019","08","Noord-Oost",254,2019-08-01
"727","2019","08","Noord-West",173,2019-08-01
"728","2019","08","Oostelijk Havengebied - Indische Buurt",186,2019-08-01
"729","2019","08","Osdorp",92,2019-08-01
"730","2019","08","Oud-Noord",263,2019-08-01
"731","2019","08","Oud-Oost",339,2019-08-01
"732","2019","08","Slotervaart",80,2019-08-01
"733","2019","08","Watergraafsmeer",244,2019-08-01
"734","2019","08","Westerpark",276,2019-08-01
"735","2019","08","Zuid",329,2019-08-01
"736","2019","08",NA,94,2019-08-01
"737","2019","09","Bijlmer-Centrum",76,2019-09-01
"738","2019","09","Bijlmer-Oost",22,2019-09-01
"739","2019","09","Bos en Lommer",180,2019-09-01
"740","2019","09","Buitenveldert - Zuidas",107,2019-09-01
"741","2019","09","Centrum-Oost",797,2019-09-01
"742","2019","09","Centrum-West",1396,2019-09-01
"743","2019","09","De Aker - Nieuw Sloten",136,2019-09-01
"744","2019","09","De Baarsjes - Oud-West",720,2019-09-01
"745","2019","09","De Pijp - Rivierenbuurt",563,2019-09-01
"746","2019","09","Gaasperdam - Driemond",91,2019-09-01
"747","2019","09","Geuzenveld - Slotermeer",93,2019-09-01
"748","2019","09","IJburg - Zeeburgereiland",98,2019-09-01
"749","2019","09","Noord-Oost",219,2019-09-01
"750","2019","09","Noord-West",128,2019-09-01
"751","2019","09","Oostelijk Havengebied - Indische Buurt",176,2019-09-01
"752","2019","09","Osdorp",85,2019-09-01
"753","2019","09","Oud-Noord",220,2019-09-01
"754","2019","09","Oud-Oost",309,2019-09-01
"755","2019","09","Slotervaart",109,2019-09-01
"756","2019","09","Watergraafsmeer",195,2019-09-01
"757","2019","09","Westerpark",343,2019-09-01
"758","2019","09","Zuid",330,2019-09-01
"759","2019","09",NA,64,2019-09-01
"760","2019","10","Bijlmer-Centrum",103,2019-10-01
"761","2019","10","Bijlmer-Oost",24,2019-10-01
"762","2019","10","Bos en Lommer",176,2019-10-01
"763","2019","10","Buitenveldert - Zuidas",108,2019-10-01
"764","2019","10","Centrum-Oost",820,2019-10-01
"765","2019","10","Centrum-West",1309,2019-10-01
"766","2019","10","De Aker - Nieuw Sloten",140,2019-10-01
"767","2019","10","De Baarsjes - Oud-West",671,2019-10-01
"768","2019","10","De Pijp - Rivierenbuurt",534,2019-10-01
"769","2019","10","Gaasperdam - Driemond",93,2019-10-01
"770","2019","10","Geuzenveld - Slotermeer",128,2019-10-01
"771","2019","10","IJburg - Zeeburgereiland",114,2019-10-01
"772","2019","10","Noord-Oost",209,2019-10-01
"773","2019","10","Noord-West",132,2019-10-01
"774","2019","10","Oostelijk Havengebied - Indische Buurt",179,2019-10-01
"775","2019","10","Osdorp",85,2019-10-01
"776","2019","10","Oud-Noord",241,2019-10-01
"777","2019","10","Oud-Oost",326,2019-10-01
"778","2019","10","Slotervaart",116,2019-10-01
"779","2019","10","Watergraafsmeer",199,2019-10-01
"780","2019","10","Westerpark",320,2019-10-01
"781","2019","10","Zuid",406,2019-10-01
"782","2019","10",NA,48,2019-10-01
"783","2019","11","Bijlmer-Centrum",66,2019-11-01
"784","2019","11","Bijlmer-Oost",16,2019-11-01
"785","2019","11","Bos en Lommer",112,2019-11-01
"786","2019","11","Buitenveldert - Zuidas",87,2019-11-01
"787","2019","11","Centrum-Oost",703,2019-11-01
"788","2019","11","Centrum-West",1150,2019-11-01
"789","2019","11","De Aker - Nieuw Sloten",104,2019-11-01
"790","2019","11","De Baarsjes - Oud-West",560,2019-11-01
"791","2019","11","De Pijp - Rivierenbuurt",421,2019-11-01
"792","2019","11","Gaasperdam - Driemond",66,2019-11-01
"793","2019","11","Geuzenveld - Slotermeer",104,2019-11-01
"794","2019","11","IJburg - Zeeburgereiland",75,2019-11-01
"795","2019","11","Noord-Oost",157,2019-11-01
"796","2019","11","Noord-West",89,2019-11-01
"797","2019","11","Oostelijk Havengebied - Indische Buurt",121,2019-11-01
"798","2019","11","Osdorp",60,2019-11-01
"799","2019","11","Oud-Noord",211,2019-11-01
"800","2019","11","Oud-Oost",286,2019-11-01
"801","2019","11","Slotervaart",101,2019-11-01
"802","2019","11","Watergraafsmeer",169,2019-11-01
"803","2019","11","Westerpark",223,2019-11-01
"804","2019","11","Zuid",284,2019-11-01
"805","2019","11",NA,29,2019-11-01
"806","2019","12","Bijlmer-Centrum",61,2019-12-01
"807","2019","12","Bijlmer-Oost",22,2019-12-01
"808","2019","12","Bos en Lommer",107,2019-12-01
"809","2019","12","Buitenveldert - Zuidas",103,2019-12-01
"810","2019","12","Centrum-Oost",629,2019-12-01
"811","2019","12","Centrum-West",1106,2019-12-01
"812","2019","12","De Aker - Nieuw Sloten",78,2019-12-01
"813","2019","12","De Baarsjes - Oud-West",523,2019-12-01
"814","2019","12","De Pijp - Rivierenbuurt",354,2019-12-01
"815","2019","12","Gaasperdam - Driemond",62,2019-12-01
"816","2019","12","Geuzenveld - Slotermeer",92,2019-12-01
"817","2019","12","IJburg - Zeeburgereiland",58,2019-12-01
"818","2019","12","Noord-Oost",113,2019-12-01
"819","2019","12","Noord-West",86,2019-12-01
"820","2019","12","Oostelijk Havengebied - Indische Buurt",105,2019-12-01
"821","2019","12","Osdorp",68,2019-12-01
"822","2019","12","Oud-Noord",164,2019-12-01
"823","2019","12","Oud-Oost",263,2019-12-01
"824","2019","12","Slotervaart",78,2019-12-01
"825","2019","12","Watergraafsmeer",137,2019-12-01
"826","2019","12","Westerpark",194,2019-12-01
"827","2019","12","Zuid",242,2019-12-01
"828","2019","12",NA,49,2019-12-01
"829","2020","01","Bijlmer-Centrum",52,2020-01-01
"830","2020","01","Bijlmer-Oost",18,2020-01-01
"831","2020","01","Bos en Lommer",126,2020-01-01
"832","2020","01","Buitenveldert - Zuidas",125,2020-01-01
"833","2020","01","Centrum-Oost",607,2020-01-01
"834","2020","01","Centrum-West",1029,2020-01-01
"835","2020","01","De Aker - Nieuw Sloten",86,2020-01-01
"836","2020","01","De Baarsjes - Oud-West",535,2020-01-01
"837","2020","01","De Pijp - Rivierenbuurt",380,2020-01-01
"838","2020","01","Gaasperdam - Driemond",60,2020-01-01
"839","2020","01","Geuzenveld - Slotermeer",89,2020-01-01
"840","2020","01","IJburg - Zeeburgereiland",63,2020-01-01
"841","2020","01","Noord-Oost",123,2020-01-01
"842","2020","01","Noord-West",91,2020-01-01
"843","2020","01","Oostelijk Havengebied - Indische Buurt",102,2020-01-01
"844","2020","01","Osdorp",60,2020-01-01
"845","2020","01","Oud-Noord",196,2020-01-01
"846","2020","01","Oud-Oost",336,2020-01-01
"847","2020","01","Slotervaart",88,2020-01-01
"848","2020","01","Watergraafsmeer",155,2020-01-01
"849","2020","01","Westerpark",196,2020-01-01
"850","2020","01","Zuid",212,2020-01-01
"851","2020","01",NA,65,2020-01-01
"852","2020","02","Bijlmer-Centrum",63,2020-02-01
"853","2020","02","Bijlmer-Oost",22,2020-02-01
"854","2020","02","Bos en Lommer",144,2020-02-01
"855","2020","02","Buitenveldert - Zuidas",96,2020-02-01
"856","2020","02","Centrum-Oost",661,2020-02-01
"857","2020","02","Centrum-West",1110,2020-02-01
"858","2020","02","De Aker - Nieuw Sloten",120,2020-02-01
"859","2020","02","De Baarsjes - Oud-West",505,2020-02-01
"860","2020","02","De Pijp - Rivierenbuurt",397,2020-02-01
"861","2020","02","Gaasperdam - Driemond",62,2020-02-01
"862","2020","02","Geuzenveld - Slotermeer",96,2020-02-01
"863","2020","02","IJburg - Zeeburgereiland",74,2020-02-01
"864","2020","02","Noord-Oost",137,2020-02-01
"865","2020","02","Noord-West",101,2020-02-01
"866","2020","02","Oostelijk Havengebied - Indische Buurt",118,2020-02-01
"867","2020","02","Osdorp",54,2020-02-01
"868","2020","02","Oud-Noord",172,2020-02-01
"869","2020","02","Oud-Oost",304,2020-02-01
"870","2020","02","Slotervaart",102,2020-02-01
"871","2020","02","Watergraafsmeer",178,2020-02-01
"872","2020","02","Westerpark",212,2020-02-01
"873","2020","02","Zuid",218,2020-02-01
"874","2020","02",NA,62,2020-02-01
"875","2020","03","Bijlmer-Centrum",36,2020-03-01
"876","2020","03","Bijlmer-Oost",13,2020-03-01
"877","2020","03","Bos en Lommer",83,2020-03-01
"878","2020","03","Buitenveldert - Zuidas",36,2020-03-01
"879","2020","03","Centrum-Oost",365,2020-03-01
"880","2020","03","Centrum-West",526,2020-03-01
"881","2020","03","De Aker - Nieuw Sloten",54,2020-03-01
"882","2020","03","De Baarsjes - Oud-West",267,2020-03-01
"883","2020","03","De Pijp - Rivierenbuurt",216,2020-03-01
"884","2020","03","Gaasperdam - Driemond",25,2020-03-01
"885","2020","03","Geuzenveld - Slotermeer",40,2020-03-01
"886","2020","03","IJburg - Zeeburgereiland",39,2020-03-01
"887","2020","03","Noord-Oost",70,2020-03-01
"888","2020","03","Noord-West",49,2020-03-01
"889","2020","03","Oostelijk Havengebied - Indische Buurt",65,2020-03-01
"890","2020","03","Osdorp",41,2020-03-01
"891","2020","03","Oud-Noord",91,2020-03-01
"892","2020","03","Oud-Oost",193,2020-03-01
"893","2020","03","Slotervaart",40,2020-03-01
"894","2020","03","Watergraafsmeer",97,2020-03-01
"895","2020","03","Westerpark",97,2020-03-01
"896","2020","03","Zuid",126,2020-03-01
"897","2020","03",NA,30,2020-03-01
"898","2020","04","Bijlmer-Centrum",3,2020-04-01
"899","2020","04","Bos en Lommer",2,2020-04-01
"900","2020","04","Buitenveldert - Zuidas",1,2020-04-01
"901","2020","04","Centrum-Oost",12,2020-04-01
"902","2020","04","Centrum-West",18,2020-04-01
"903","2020","04","De Aker - Nieuw Sloten",5,2020-04-01
"904","2020","04","De Baarsjes - Oud-West",4,2020-04-01
"905","2020","04","De Pijp - Rivierenbuurt",10,2020-04-01
"906","2020","04","Gaasperdam - Driemond",12,2020-04-01
"907","2020","04","Geuzenveld - Slotermeer",3,2020-04-01
"908","2020","04","IJburg - Zeeburgereiland",2,2020-04-01
"909","2020","04","Noord-Oost",6,2020-04-01
"910","2020","04","Noord-West",1,2020-04-01
"911","2020","04","Oostelijk Havengebied - Indische Buurt",9,2020-04-01
"912","2020","04","Oud-Noord",2,2020-04-01
"913","2020","04","Oud-Oost",10,2020-04-01
"914","2020","04","Watergraafsmeer",1,2020-04-01
"915","2020","04","Westerpark",5,2020-04-01
"916","2020","04","Zuid",6,2020-04-01
"917","2020","05","Bijlmer-Centrum",4,2020-05-01
"918","2020","05","Bos en Lommer",4,2020-05-01
"919","2020","05","Buitenveldert - Zuidas",2,2020-05-01
"920","2020","05","Centrum-Oost",30,2020-05-01
"921","2020","05","Centrum-West",78,2020-05-01
"922","2020","05","De Aker - Nieuw Sloten",5,2020-05-01
"923","2020","05","De Baarsjes - Oud-West",26,2020-05-01
"924","2020","05","De Pijp - Rivierenbuurt",30,2020-05-01
"925","2020","05","Gaasperdam - Driemond",16,2020-05-01
"926","2020","05","Geuzenveld - Slotermeer",11,2020-05-01
"927","2020","05","IJburg - Zeeburgereiland",7,2020-05-01
"928","2020","05","Noord-Oost",30,2020-05-01
"929","2020","05","Noord-West",2,2020-05-01
"930","2020","05","Oostelijk Havengebied - Indische Buurt",9,2020-05-01
"931","2020","05","Osdorp",3,2020-05-01
"932","2020","05","Oud-Noord",8,2020-05-01
"933","2020","05","Oud-Oost",3,2020-05-01
"934","2020","05","Slotervaart",3,2020-05-01
"935","2020","05","Watergraafsmeer",4,2020-05-01
"936","2020","05","Westerpark",8,2020-05-01
"937","2020","05","Zuid",14,2020-05-01
"938","2020","05",NA,1,2020-05-01
"939","2020","06","Bijlmer-Centrum",14,2020-06-01
"940","2020","06","Bijlmer-Oost",1,2020-06-01
"941","2020","06","Bos en Lommer",27,2020-06-01
"942","2020","06","Buitenveldert - Zuidas",10,2020-06-01
"943","2020","06","Centrum-Oost",191,2020-06-01
"944","2020","06","Centrum-West",316,2020-06-01
"945","2020","06","De Aker - Nieuw Sloten",44,2020-06-01
"946","2020","06","De Baarsjes - Oud-West",144,2020-06-01
"947","2020","06","De Pijp - Rivierenbuurt",82,2020-06-01
"948","2020","06","Gaasperdam - Driemond",33,2020-06-01
"949","2020","06","Geuzenveld - Slotermeer",19,2020-06-01
"950","2020","06","IJburg - Zeeburgereiland",28,2020-06-01
"951","2020","06","Noord-Oost",81,2020-06-01
"952","2020","06","Noord-West",20,2020-06-01
"953","2020","06","Oostelijk Havengebied - Indische Buurt",35,2020-06-01
"954","2020","06","Osdorp",18,2020-06-01
"955","2020","06","Oud-Noord",48,2020-06-01
"956","2020","06","Oud-Oost",37,2020-06-01
"957","2020","06","Slotervaart",67,2020-06-01
"958","2020","06","Watergraafsmeer",22,2020-06-01
"959","2020","06","Westerpark",46,2020-06-01
"960","2020","06","Zuid",43,2020-06-01
"961","2020","06",NA,10,2020-06-01
"962","2020","07","Bijlmer-Centrum",66,2020-07-01
"963","2020","07","Bijlmer-Oost",17,2020-07-01
"964","2020","07","Bos en Lommer",72,2020-07-01
"965","2020","07","Buitenveldert - Zuidas",44,2020-07-01
"966","2020","07","Centrum-Oost",466,2020-07-01
"967","2020","07","Centrum-West",689,2020-07-01
"968","2020","07","De Aker - Nieuw Sloten",145,2020-07-01
"969","2020","07","De Baarsjes - Oud-West",377,2020-07-01
"970","2020","07","De Pijp - Rivierenbuurt",254,2020-07-01
"971","2020","07","Gaasperdam - Driemond",59,2020-07-01
"972","2020","07","Geuzenveld - Slotermeer",52,2020-07-01
"973","2020","07","IJburg - Zeeburgereiland",66,2020-07-01
"974","2020","07","Noord-Oost",156,2020-07-01
"975","2020","07","Noord-West",54,2020-07-01
"976","2020","07","Oostelijk Havengebied - Indische Buurt",88,2020-07-01
"977","2020","07","Osdorp",51,2020-07-01
"978","2020","07","Oud-Noord",115,2020-07-01
"979","2020","07","Oud-Oost",266,2020-07-01
"980","2020","07","Slotervaart",149,2020-07-01
"981","2020","07","Watergraafsmeer",68,2020-07-01
"982","2020","07","Westerpark",140,2020-07-01
"983","2020","07","Zuid",94,2020-07-01
"984","2020","07",NA,48,2020-07-01
"985","2020","08","Bijlmer-Centrum",65,2020-08-01
"986","2020","08","Bijlmer-Oost",14,2020-08-01
"987","2020","08","Bos en Lommer",98,2020-08-01
"988","2020","08","Buitenveldert - Zuidas",60,2020-08-01
"989","2020","08","Centrum-Oost",542,2020-08-01
"990","2020","08","Centrum-West",778,2020-08-01
"991","2020","08","De Aker - Nieuw Sloten",126,2020-08-01
"992","2020","08","De Baarsjes - Oud-West",479,2020-08-01
"993","2020","08","De Pijp - Rivierenbuurt",299,2020-08-01
"994","2020","08","Gaasperdam - Driemond",76,2020-08-01
"995","2020","08","Geuzenveld - Slotermeer",71,2020-08-01
"996","2020","08","IJburg - Zeeburgereiland",72,2020-08-01
"997","2020","08","Noord-Oost",205,2020-08-01
"998","2020","08","Noord-West",93,2020-08-01
"999","2020","08","Oostelijk Havengebied - Indische Buurt",118,2020-08-01
"1000","2020","08","Osdorp",73,2020-08-01
"1001","2020","08","Oud-Noord",152,2020-08-01
"1002","2020","08","Oud-Oost",343,2020-08-01
"1003","2020","08","Slotervaart",196,2020-08-01
"1004","2020","08","Watergraafsmeer",110,2020-08-01
"1005","2020","08","Westerpark",199,2020-08-01
"1006","2020","08","Zuid",135,2020-08-01
"1007","2020","08",NA,52,2020-08-01
"1008","2020","09","Bijlmer-Centrum",34,2020-09-01
"1009","2020","09","Bijlmer-Oost",7,2020-09-01
"1010","2020","09","Bos en Lommer",45,2020-09-01
"1011","2020","09","Buitenveldert - Zuidas",33,2020-09-01
"1012","2020","09","Centrum-Oost",384,2020-09-01
"1013","2020","09","Centrum-West",507,2020-09-01
"1014","2020","09","De Aker - Nieuw Sloten",53,2020-09-01
"1015","2020","09","De Baarsjes - Oud-West",318,2020-09-01
"1016","2020","09","De Pijp - Rivierenbuurt",169,2020-09-01
"1017","2020","09","Gaasperdam - Driemond",32,2020-09-01
"1018","2020","09","Geuzenveld - Slotermeer",31,2020-09-01
"1019","2020","09","IJburg - Zeeburgereiland",34,2020-09-01
"1020","2020","09","Noord-Oost",94,2020-09-01
"1021","2020","09","Noord-West",22,2020-09-01
"1022","2020","09","Oostelijk Havengebied - Indische Buurt",52,2020-09-01
"1023","2020","09","Osdorp",68,2020-09-01
"1024","2020","09","Oud-Noord",65,2020-09-01
"1025","2020","09","Oud-Oost",124,2020-09-01
"1026","2020","09","Slotervaart",47,2020-09-01
"1027","2020","09","Watergraafsmeer",43,2020-09-01
"1028","2020","09","Westerpark",112,2020-09-01
"1029","2020","09","Zuid",147,2020-09-01
"1030","2020","09",NA,23,2020-09-01
"1031","2020","10","Bijlmer-Centrum",15,2020-10-01
"1032","2020","10","Bos en Lommer",18,2020-10-01
"1033","2020","10","Buitenveldert - Zuidas",9,2020-10-01
"1034","2020","10","Centrum-Oost",183,2020-10-01
"1035","2020","10","Centrum-West",240,2020-10-01
"1036","2020","10","De Aker - Nieuw Sloten",27,2020-10-01
"1037","2020","10","De Baarsjes - Oud-West",140,2020-10-01
"1038","2020","10","De Pijp - Rivierenbuurt",70,2020-10-01
"1039","2020","10","Gaasperdam - Driemond",20,2020-10-01
"1040","2020","10","Geuzenveld - Slotermeer",14,2020-10-01
"1041","2020","10","IJburg - Zeeburgereiland",9,2020-10-01
"1042","2020","10","Noord-Oost",44,2020-10-01
"1043","2020","10","Noord-West",4,2020-10-01
"1044","2020","10","Oostelijk Havengebied - Indische Buurt",19,2020-10-01
"1045","2020","10","Osdorp",23,2020-10-01
"1046","2020","10","Oud-Noord",30,2020-10-01
"1047","2020","10","Oud-Oost",24,2020-10-01
"1048","2020","10","Slotervaart",13,2020-10-01
"1049","2020","10","Watergraafsmeer",9,2020-10-01
"1050","2020","10","Westerpark",27,2020-10-01
"1051","2020","10","Zuid",103,2020-10-01
"1052","2020","10",NA,15,2020-10-01
"1053","2020","11","Bijlmer-Centrum",8,2020-11-01
"1054","2020","11","Bijlmer-Oost",1,2020-11-01
"1055","2020","11","Bos en Lommer",4,2020-11-01
"1056","2020","11","Buitenveldert - Zuidas",3,2020-11-01
"1057","2020","11","Centrum-Oost",77,2020-11-01
"1058","2020","11","Centrum-West",124,2020-11-01
"1059","2020","11","De Aker - Nieuw Sloten",10,2020-11-01
"1060","2020","11","De Baarsjes - Oud-West",48,2020-11-01
"1061","2020","11","De Pijp - Rivierenbuurt",37,2020-11-01
"1062","2020","11","Gaasperdam - Driemond",17,2020-11-01
"1063","2020","11","Geuzenveld - Slotermeer",12,2020-11-01
"1064","2020","11","IJburg - Zeeburgereiland",5,2020-11-01
"1065","2020","11","Noord-Oost",25,2020-11-01
"1066","2020","11","Noord-West",4,2020-11-01
"1067","2020","11","Oostelijk Havengebied - Indische Buurt",10,2020-11-01
"1068","2020","11","Osdorp",14,2020-11-01
"1069","2020","11","Oud-Noord",16,2020-11-01
"1070","2020","11","Oud-Oost",15,2020-11-01
"1071","2020","11","Slotervaart",7,2020-11-01
"1072","2020","11","Watergraafsmeer",9,2020-11-01
"1073","2020","11","Westerpark",22,2020-11-01
"1074","2020","11","Zuid",39,2020-11-01
"1075","2020","11",NA,7,2020-11-01
"1076","2020","12","Bijlmer-Centrum",7,2020-12-01
"1077","2020","12","Bijlmer-Oost",1,2020-12-01
"1078","2020","12","Bos en Lommer",11,2020-12-01
"1079","2020","12","Buitenveldert - Zuidas",2,2020-12-01
"1080","2020","12","Centrum-Oost",104,2020-12-01
"1081","2020","12","Centrum-West",152,2020-12-01
"1082","2020","12","De Aker - Nieuw Sloten",9,2020-12-01
"1083","2020","12","De Baarsjes - Oud-West",58,2020-12-01
"1084","2020","12","De Pijp - Rivierenbuurt",49,2020-12-01
"1085","2020","12","Gaasperdam - Driemond",18,2020-12-01
"1086","2020","12","Geuzenveld - Slotermeer",5,2020-12-01
"1087","2020","12","IJburg - Zeeburgereiland",10,2020-12-01
"1088","2020","12","Noord-Oost",16,2020-12-01
"1089","2020","12","Noord-West",5,2020-12-01
"1090","2020","12","Oostelijk Havengebied - Indische Buurt",17,2020-12-01
"1091","2020","12","Osdorp",19,2020-12-01
"1092","2020","12","Oud-Noord",21,2020-12-01
"1093","2020","12","Oud-Oost",12,2020-12-01
"1094","2020","12","Slotervaart",7,2020-12-01
"1095","2020","12","Watergraafsmeer",9,2020-12-01
"1096","2020","12","Westerpark",20,2020-12-01
"1097","2020","12","Zuid",38,2020-12-01
"1098","2020","12",NA,12,2020-12-01
"1099","2021","01","Bijlmer-Centrum",4,2021-01-01
"1100","2021","01","Bijlmer-Oost",2,2021-01-01
"1101","2021","01","Bos en Lommer",12,2021-01-01
"1102","2021","01","Buitenveldert - Zuidas",6,2021-01-01
"1103","2021","01","Centrum-Oost",97,2021-01-01
"1104","2021","01","Centrum-West",123,2021-01-01
"1105","2021","01","De Aker - Nieuw Sloten",7,2021-01-01
"1106","2021","01","De Baarsjes - Oud-West",39,2021-01-01
"1107","2021","01","De Pijp - Rivierenbuurt",33,2021-01-01
"1108","2021","01","Gaasperdam - Driemond",23,2021-01-01
"1109","2021","01","Geuzenveld - Slotermeer",13,2021-01-01
"1110","2021","01","IJburg - Zeeburgereiland",7,2021-01-01
"1111","2021","01","Noord-Oost",39,2021-01-01
"1112","2021","01","Noord-West",6,2021-01-01
"1113","2021","01","Oostelijk Havengebied - Indische Buurt",10,2021-01-01
"1114","2021","01","Osdorp",16,2021-01-01
"1115","2021","01","Oud-Noord",8,2021-01-01
"1116","2021","01","Oud-Oost",13,2021-01-01
"1117","2021","01","Slotervaart",7,2021-01-01
"1118","2021","01","Watergraafsmeer",12,2021-01-01
"1119","2021","01","Westerpark",10,2021-01-01
"1120","2021","01","Zuid",27,2021-01-01
"1121","2021","01",NA,9,2021-01-01
"1122","2021","02","Bijlmer-Centrum",6,2021-02-01
"1123","2021","02","Bos en Lommer",16,2021-02-01
"1124","2021","02","Buitenveldert - Zuidas",8,2021-02-01
"1125","2021","02","Centrum-Oost",96,2021-02-01
"1126","2021","02","Centrum-West",129,2021-02-01
"1127","2021","02","De Aker - Nieuw Sloten",6,2021-02-01
"1128","2021","02","De Baarsjes - Oud-West",38,2021-02-01
"1129","2021","02","De Pijp - Rivierenbuurt",37,2021-02-01
"1130","2021","02","Gaasperdam - Driemond",40,2021-02-01
"1131","2021","02","Geuzenveld - Slotermeer",10,2021-02-01
"1132","2021","02","IJburg - Zeeburgereiland",12,2021-02-01
"1133","2021","02","Noord-Oost",33,2021-02-01
"1134","2021","02","Noord-West",5,2021-02-01
"1135","2021","02","Oostelijk Havengebied - Indische Buurt",15,2021-02-01
"1136","2021","02","Osdorp",7,2021-02-01
"1137","2021","02","Oud-Noord",12,2021-02-01
"1138","2021","02","Oud-Oost",12,2021-02-01
"1139","2021","02","Slotervaart",2,2021-02-01
"1140","2021","02","Watergraafsmeer",7,2021-02-01
"1141","2021","02","Westerpark",15,2021-02-01
"1142","2021","02","Zuid",28,2021-02-01
"1143","2021","02",NA,2,2021-02-01
"1144","2021","03","Bijlmer-Centrum",7,2021-03-01
"1145","2021","03","Bos en Lommer",44,2021-03-01
"1146","2021","03","Buitenveldert - Zuidas",22,2021-03-01
"1147","2021","03","Centrum-Oost",104,2021-03-01
"1148","2021","03","Centrum-West",163,2021-03-01
"1149","2021","03","De Aker - Nieuw Sloten",4,2021-03-01
"1150","2021","03","De Baarsjes - Oud-West",40,2021-03-01
"1151","2021","03","De Pijp - Rivierenbuurt",51,2021-03-01
"1152","2021","03","Gaasperdam - Driemond",27,2021-03-01
"1153","2021","03","Geuzenveld - Slotermeer",18,2021-03-01
"1154","2021","03","IJburg - Zeeburgereiland",9,2021-03-01
"1155","2021","03","Noord-Oost",41,2021-03-01
"1156","2021","03","Noord-West",10,2021-03-01
"1157","2021","03","Oostelijk Havengebied - Indische Buurt",19,2021-03-01
"1158","2021","03","Osdorp",10,2021-03-01
"1159","2021","03","Oud-Noord",14,2021-03-01
"1160","2021","03","Oud-Oost",11,2021-03-01
"1161","2021","03","Slotervaart",6,2021-03-01
"1162","2021","03","Watergraafsmeer",5,2021-03-01
"1163","2021","03","Westerpark",21,2021-03-01
"1164","2021","03","Zuid",29,2021-03-01
"1165","2021","03",NA,7,2021-03-01
"1166","2021","04","Bijlmer-Centrum",8,2021-04-01
"1167","2021","04","Bijlmer-Oost",1,2021-04-01
"1168","2021","04","Bos en Lommer",32,2021-04-01
"1169","2021","04","Buitenveldert - Zuidas",22,2021-04-01
"1170","2021","04","Centrum-Oost",134,2021-04-01
"1171","2021","04","Centrum-West",187,2021-04-01
"1172","2021","04","De Aker - Nieuw Sloten",13,2021-04-01
"1173","2021","04","De Baarsjes - Oud-West",73,2021-04-01
"1174","2021","04","De Pijp - Rivierenbuurt",42,2021-04-01
"1175","2021","04","Gaasperdam - Driemond",42,2021-04-01
"1176","2021","04","Geuzenveld - Slotermeer",19,2021-04-01
"1177","2021","04","IJburg - Zeeburgereiland",6,2021-04-01
"1178","2021","04","Noord-Oost",67,2021-04-01
"1179","2021","04","Noord-West",17,2021-04-01
"1180","2021","04","Oostelijk Havengebied - Indische Buurt",16,2021-04-01
"1181","2021","04","Osdorp",28,2021-04-01
"1182","2021","04","Oud-Noord",14,2021-04-01
"1183","2021","04","Oud-Oost",27,2021-04-01
"1184","2021","04","Slotervaart",2,2021-04-01
"1185","2021","04","Watergraafsmeer",12,2021-04-01
"1186","2021","04","Westerpark",20,2021-04-01
"1187","2021","04","Zuid",51,2021-04-01
"1188","2021","04",NA,9,2021-04-01
"1189","2021","05","Bijlmer-Centrum",14,2021-05-01
"1190","2021","05","Bijlmer-Oost",3,2021-05-01
"1191","2021","05","Bos en Lommer",81,2021-05-01
"1192","2021","05","Buitenveldert - Zuidas",102,2021-05-01
"1193","2021","05","Centrum-Oost",273,2021-05-01
"1194","2021","05","Centrum-West",371,2021-05-01
"1195","2021","05","De Aker - Nieuw Sloten",29,2021-05-01
"1196","2021","05","De Baarsjes - Oud-West",167,2021-05-01
"1197","2021","05","De Pijp - Rivierenbuurt",104,2021-05-01
"1198","2021","05","Gaasperdam - Driemond",70,2021-05-01
"1199","2021","05","Geuzenveld - Slotermeer",22,2021-05-01
"1200","2021","05","IJburg - Zeeburgereiland",19,2021-05-01
"1201","2021","05","Noord-Oost",73,2021-05-01
"1202","2021","05","Noord-West",29,2021-05-01
"1203","2021","05","Oostelijk Havengebied - Indische Buurt",31,2021-05-01
"1204","2021","05","Osdorp",63,2021-05-01
"1205","2021","05","Oud-Noord",42,2021-05-01
"1206","2021","05","Oud-Oost",55,2021-05-01
"1207","2021","05","Slotervaart",13,2021-05-01
"1208","2021","05","Watergraafsmeer",22,2021-05-01
"1209","2021","05","Westerpark",59,2021-05-01
"1210","2021","05","Zuid",132,2021-05-01
"1211","2021","05",NA,27,2021-05-01
"1212","2021","06","Bijlmer-Centrum",11,2021-06-01
"1213","2021","06","Bijlmer-Oost",3,2021-06-01
"1214","2021","06","Bos en Lommer",92,2021-06-01
"1215","2021","06","Buitenveldert - Zuidas",59,2021-06-01
"1216","2021","06","Centrum-Oost",303,2021-06-01
"1217","2021","06","Centrum-West",483,2021-06-01
"1218","2021","06","De Aker - Nieuw Sloten",35,2021-06-01
"1219","2021","06","De Baarsjes - Oud-West",297,2021-06-01
"1220","2021","06","De Pijp - Rivierenbuurt",138,2021-06-01
"1221","2021","06","Gaasperdam - Driemond",39,2021-06-01
"1222","2021","06","Geuzenveld - Slotermeer",31,2021-06-01
"1223","2021","06","IJburg - Zeeburgereiland",30,2021-06-01
"1224","2021","06","Noord-Oost",80,2021-06-01
"1225","2021","06","Noord-West",18,2021-06-01
"1226","2021","06","Oostelijk Havengebied - Indische Buurt",54,2021-06-01
"1227","2021","06","Osdorp",55,2021-06-01
"1228","2021","06","Oud-Noord",60,2021-06-01
"1229","2021","06","Oud-Oost",77,2021-06-01
"1230","2021","06","Slotervaart",16,2021-06-01
"1231","2021","06","Watergraafsmeer",25,2021-06-01
"1232","2021","06","Westerpark",49,2021-06-01
"1233","2021","06","Zuid",118,2021-06-01
"1234","2021","06",NA,29,2021-06-01
"1235","2021","07","Bijlmer-Centrum",31,2021-07-01
"1236","2021","07","Bijlmer-Oost",14,2021-07-01
"1237","2021","07","Bos en Lommer",191,2021-07-01
"1238","2021","07","Buitenveldert - Zuidas",165,2021-07-01
"1239","2021","07","Centrum-Oost",648,2021-07-01
"1240","2021","07","Centrum-West",927,2021-07-01
"1241","2021","07","De Aker - Nieuw Sloten",84,2021-07-01
"1242","2021","07","De Baarsjes - Oud-West",525,2021-07-01
"1243","2021","07","De Pijp - Rivierenbuurt",223,2021-07-01
"1244","2021","07","Gaasperdam - Driemond",59,2021-07-01
"1245","2021","07","Geuzenveld - Slotermeer",131,2021-07-01
"1246","2021","07","IJburg - Zeeburgereiland",52,2021-07-01
"1247","2021","07","Noord-Oost",117,2021-07-01
"1248","2021","07","Noord-West",51,2021-07-01
"1249","2021","07","Oostelijk Havengebied - Indische Buurt",101,2021-07-01
"1250","2021","07","Osdorp",242,2021-07-01
"1251","2021","07","Oud-Noord",123,2021-07-01
"1252","2021","07","Oud-Oost",192,2021-07-01
"1253","2021","07","Slotervaart",39,2021-07-01
"1254","2021","07","Watergraafsmeer",94,2021-07-01
"1255","2021","07","Westerpark",151,2021-07-01
"1256","2021","07","Zuid",210,2021-07-01
"1257","2021","07",NA,102,2021-07-01
"1258","2021","08","Bijlmer-Centrum",58,2021-08-01
"1259","2021","08","Bijlmer-Oost",19,2021-08-01
"1260","2021","08","Bos en Lommer",265,2021-08-01
"1261","2021","08","Buitenveldert - Zuidas",239,2021-08-01
"1262","2021","08","Centrum-Oost",763,2021-08-01
"1263","2021","08","Centrum-West",1242,2021-08-01
"1264","2021","08","De Aker - Nieuw Sloten",103,2021-08-01
"1265","2021","08","De Baarsjes - Oud-West",808,2021-08-01
"1266","2021","08","De Pijp - Rivierenbuurt",346,2021-08-01
"1267","2021","08","Gaasperdam - Driemond",78,2021-08-01
"1268","2021","08","Geuzenveld - Slotermeer",168,2021-08-01
"1269","2021","08","IJburg - Zeeburgereiland",58,2021-08-01
"1270","2021","08","Noord-Oost",173,2021-08-01
"1271","2021","08","Noord-West",96,2021-08-01
"1272","2021","08","Oostelijk Havengebied - Indische Buurt",137,2021-08-01
"1273","2021","08","Osdorp",350,2021-08-01
"1274","2021","08","Oud-Noord",163,2021-08-01
"1275","2021","08","Oud-Oost",281,2021-08-01
"1276","2021","08","Slotervaart",64,2021-08-01
"1277","2021","08","Watergraafsmeer",143,2021-08-01
"1278","2021","08","Westerpark",272,2021-08-01
"1279","2021","08","Zuid",244,2021-08-01
"1280","2021","08",NA,176,2021-08-01
"1281","2021","09","Bijlmer-Centrum",49,2021-09-01
"1282","2021","09","Bijlmer-Oost",21,2021-09-01
"1283","2021","09","Bos en Lommer",182,2021-09-01
"1284","2021","09","Buitenveldert - Zuidas",123,2021-09-01
"1285","2021","09","Centrum-Oost",766,2021-09-01
"1286","2021","09","Centrum-West",1076,2021-09-01
"1287","2021","09","De Aker - Nieuw Sloten",66,2021-09-01
"1288","2021","09","De Baarsjes - Oud-West",636,2021-09-01
"1289","2021","09","De Pijp - Rivierenbuurt",280,2021-09-01
"1290","2021","09","Gaasperdam - Driemond",63,2021-09-01
"1291","2021","09","Geuzenveld - Slotermeer",144,2021-09-01
"1292","2021","09","IJburg - Zeeburgereiland",48,2021-09-01
"1293","2021","09","Noord-Oost",123,2021-09-01
"1294","2021","09","Noord-West",68,2021-09-01
"1295","2021","09","Oostelijk Havengebied - Indische Buurt",88,2021-09-01
"1296","2021","09","Osdorp",319,2021-09-01
"1297","2021","09","Oud-Noord",134,2021-09-01
"1298","2021","09","Oud-Oost",212,2021-09-01
"1299","2021","09","Slotervaart",59,2021-09-01
"1300","2021","09","Watergraafsmeer",83,2021-09-01
"1301","2021","09","Westerpark",191,2021-09-01
"1302","2021","09","Zuid",204,2021-09-01
"1303","2021","09",NA,92,2021-09-01
"1304","2021","10","Bijlmer-Centrum",67,2021-10-01
"1305","2021","10","Bijlmer-Oost",29,2021-10-01
"1306","2021","10","Bos en Lommer",230,2021-10-01
"1307","2021","10","Buitenveldert - Zuidas",187,2021-10-01
"1308","2021","10","Centrum-Oost",921,2021-10-01
"1309","2021","10","Centrum-West",1363,2021-10-01
"1310","2021","10","De Aker - Nieuw Sloten",117,2021-10-01
"1311","2021","10","De Baarsjes - Oud-West",760,2021-10-01
"1312","2021","10","De Pijp - Rivierenbuurt",430,2021-10-01
"1313","2021","10","Gaasperdam - Driemond",86,2021-10-01
"1314","2021","10","Geuzenveld - Slotermeer",160,2021-10-01
"1315","2021","10","IJburg - Zeeburgereiland",71,2021-10-01
"1316","2021","10","Noord-Oost",186,2021-10-01
"1317","2021","10","Noord-West",103,2021-10-01
"1318","2021","10","Oostelijk Havengebied - Indische Buurt",135,2021-10-01
"1319","2021","10","Osdorp",299,2021-10-01
"1320","2021","10","Oud-Noord",178,2021-10-01
"1321","2021","10","Oud-Oost",248,2021-10-01
"1322","2021","10","Slotervaart",73,2021-10-01
"1323","2021","10","Watergraafsmeer",136,2021-10-01
"1324","2021","10","Westerpark",254,2021-10-01
"1325","2021","10","Zuid",309,2021-10-01
"1326","2021","10",NA,124,2021-10-01
"1327","2021","11","Bijlmer-Centrum",70,2021-11-01
"1328","2021","11","Bijlmer-Oost",23,2021-11-01
"1329","2021","11","Bos en Lommer",231,2021-11-01
"1330","2021","11","Buitenveldert - Zuidas",178,2021-11-01
"1331","2021","11","Centrum-Oost",917,2021-11-01
"1332","2021","11","Centrum-West",1335,2021-11-01
"1333","2021","11","De Aker - Nieuw Sloten",119,2021-11-01
"1334","2021","11","De Baarsjes - Oud-West",730,2021-11-01
"1335","2021","11","De Pijp - Rivierenbuurt",413,2021-11-01
"1336","2021","11","Gaasperdam - Driemond",80,2021-11-01
"1337","2021","11","Geuzenveld - Slotermeer",144,2021-11-01
"1338","2021","11","IJburg - Zeeburgereiland",64,2021-11-01
"1339","2021","11","Noord-Oost",131,2021-11-01
"1340","2021","11","Noord-West",113,2021-11-01
"1341","2021","11","Oostelijk Havengebied - Indische Buurt",136,2021-11-01
"1342","2021","11","Osdorp",243,2021-11-01
"1343","2021","11","Oud-Noord",184,2021-11-01
"1344","2021","11","Oud-Oost",215,2021-11-01
"1345","2021","11","Slotervaart",84,2021-11-01
"1346","2021","11","Watergraafsmeer",129,2021-11-01
"1347","2021","11","Westerpark",267,2021-11-01
"1348","2021","11","Zuid",276,2021-11-01
"1349","2021","11",NA,111,2021-11-01
"1350","2021","12","Bijlmer-Centrum",21,2021-12-01
"1351","2021","12","Bijlmer-Oost",11,2021-12-01
"1352","2021","12","Bos en Lommer",120,2021-12-01
"1353","2021","12","Buitenveldert - Zuidas",66,2021-12-01
"1354","2021","12","Centrum-Oost",486,2021-12-01
"1355","2021","12","Centrum-West",629,2021-12-01
"1356","2021","12","De Aker - Nieuw Sloten",48,2021-12-01
"1357","2021","12","De Baarsjes - Oud-West",344,2021-12-01
"1358","2021","12","De Pijp - Rivierenbuurt",174,2021-12-01
"1359","2021","12","Gaasperdam - Driemond",40,2021-12-01
"1360","2021","12","Geuzenveld - Slotermeer",68,2021-12-01
"1361","2021","12","IJburg - Zeeburgereiland",29,2021-12-01
"1362","2021","12","Noord-Oost",55,2021-12-01
"1363","2021","12","Noord-West",32,2021-12-01
"1364","2021","12","Oostelijk Havengebied - Indische Buurt",52,2021-12-01
"1365","2021","12","Osdorp",105,2021-12-01
"1366","2021","12","Oud-Noord",69,2021-12-01
"1367","2021","12","Oud-Oost",124,2021-12-01
"1368","2021","12","Slotervaart",36,2021-12-01
"1369","2021","12","Watergraafsmeer",48,2021-12-01
"1370","2021","12","Westerpark",104,2021-12-01
"1371","2021","12","Zuid",112,2021-12-01
"1372","2021","12",NA,57,2021-12-01
"1373","2022","01","Bijlmer-Centrum",13,2022-01-01
"1374","2022","01","Bijlmer-Oost",1,2022-01-01
"1375","2022","01","Bos en Lommer",39,2022-01-01
"1376","2022","01","Buitenveldert - Zuidas",43,2022-01-01
"1377","2022","01","Centrum-Oost",252,2022-01-01
"1378","2022","01","Centrum-West",381,2022-01-01
"1379","2022","01","De Aker - Nieuw Sloten",21,2022-01-01
"1380","2022","01","De Baarsjes - Oud-West",170,2022-01-01
"1381","2022","01","De Pijp - Rivierenbuurt",86,2022-01-01
"1382","2022","01","Gaasperdam - Driemond",41,2022-01-01
"1383","2022","01","Geuzenveld - Slotermeer",53,2022-01-01
"1384","2022","01","IJburg - Zeeburgereiland",16,2022-01-01
"1385","2022","01","Noord-Oost",29,2022-01-01
"1386","2022","01","Noord-West",8,2022-01-01
"1387","2022","01","Oostelijk Havengebied - Indische Buurt",23,2022-01-01
"1388","2022","01","Osdorp",52,2022-01-01
"1389","2022","01","Oud-Noord",25,2022-01-01
"1390","2022","01","Oud-Oost",85,2022-01-01
"1391","2022","01","Slotervaart",27,2022-01-01
"1392","2022","01","Watergraafsmeer",23,2022-01-01
"1393","2022","01","Westerpark",66,2022-01-01
"1394","2022","01","Zuid",90,2022-01-01
"1395","2022","01",NA,41,2022-01-01
"1396","2022","02","Bijlmer-Centrum",35,2022-02-01
"1397","2022","02","Bijlmer-Oost",9,2022-02-01
"1398","2022","02","Bos en Lommer",124,2022-02-01
"1399","2022","02","Buitenveldert - Zuidas",132,2022-02-01
"1400","2022","02","Centrum-Oost",508,2022-02-01
"1401","2022","02","Centrum-West",779,2022-02-01
"1402","2022","02","De Aker - Nieuw Sloten",31,2022-02-01
"1403","2022","02","De Baarsjes - Oud-West",438,2022-02-01
"1404","2022","02","De Pijp - Rivierenbuurt",216,2022-02-01
"1405","2022","02","Gaasperdam - Driemond",43,2022-02-01
"1406","2022","02","Geuzenveld - Slotermeer",127,2022-02-01
"1407","2022","02","IJburg - Zeeburgereiland",40,2022-02-01
"1408","2022","02","Noord-Oost",52,2022-02-01
"1409","2022","02","Noord-West",42,2022-02-01
"1410","2022","02","Oostelijk Havengebied - Indische Buurt",42,2022-02-01
"1411","2022","02","Osdorp",189,2022-02-01
"1412","2022","02","Oud-Noord",96,2022-02-01
"1413","2022","02","Oud-Oost",125,2022-02-01
"1414","2022","02","Slotervaart",43,2022-02-01
"1415","2022","02","Watergraafsmeer",67,2022-02-01
"1416","2022","02","Westerpark",123,2022-02-01
"1417","2022","02","Zuid",201,2022-02-01
"1418","2022","02",NA,88,2022-02-01
"1419","2022","03","Bijlmer-Centrum",95,2022-03-01
"1420","2022","03","Bijlmer-Oost",23,2022-03-01
"1421","2022","03","Bos en Lommer",207,2022-03-01
"1422","2022","03","Buitenveldert - Zuidas",174,2022-03-01
"1423","2022","03","Centrum-Oost",915,2022-03-01
"1424","2022","03","Centrum-West",1382,2022-03-01
"1425","2022","03","De Aker - Nieuw Sloten",70,2022-03-01
"1426","2022","03","De Baarsjes - Oud-West",746,2022-03-01
"1427","2022","03","De Pijp - Rivierenbuurt",465,2022-03-01
"1428","2022","03","Gaasperdam - Driemond",69,2022-03-01
"1429","2022","03","Geuzenveld - Slotermeer",152,2022-03-01
"1430","2022","03","IJburg - Zeeburgereiland",63,2022-03-01
"1431","2022","03","Noord-Oost",129,2022-03-01
"1432","2022","03","Noord-West",87,2022-03-01
"1433","2022","03","Oostelijk Havengebied - Indische Buurt",108,2022-03-01
"1434","2022","03","Osdorp",263,2022-03-01
"1435","2022","03","Oud-Noord",211,2022-03-01
"1436","2022","03","Oud-Oost",204,2022-03-01
"1437","2022","03","Slotervaart",76,2022-03-01
"1438","2022","03","Watergraafsmeer",139,2022-03-01
"1439","2022","03","Westerpark",214,2022-03-01
"1440","2022","03","Zuid",311,2022-03-01
"1441","2022","03",NA,144,2022-03-01
"1442","2022","04","Bijlmer-Centrum",127,2022-04-01
"1443","2022","04","Bijlmer-Oost",46,2022-04-01
"1444","2022","04","Bos en Lommer",304,2022-04-01
"1445","2022","04","Buitenveldert - Zuidas",229,2022-04-01
"1446","2022","04","Centrum-Oost",1199,2022-04-01
"1447","2022","04","Centrum-West",1784,2022-04-01
"1448","2022","04","De Aker - Nieuw Sloten",178,2022-04-01
"1449","2022","04","De Baarsjes - Oud-West",991,2022-04-01
"1450","2022","04","De Pijp - Rivierenbuurt",652,2022-04-01
"1451","2022","04","Gaasperdam - Driemond",146,2022-04-01
"1452","2022","04","Geuzenveld - Slotermeer",235,2022-04-01
"1453","2022","04","IJburg - Zeeburgereiland",141,2022-04-01
"1454","2022","04","Noord-Oost",280,2022-04-01
"1455","2022","04","Noord-West",190,2022-04-01
"1456","2022","04","Oostelijk Havengebied - Indische Buurt",199,2022-04-01
"1457","2022","04","Osdorp",374,2022-04-01
"1458","2022","04","Oud-Noord",331,2022-04-01
"1459","2022","04","Oud-Oost",313,2022-04-01
"1460","2022","04","Slotervaart",107,2022-04-01
"1461","2022","04","Watergraafsmeer",222,2022-04-01
"1462","2022","04","Westerpark",336,2022-04-01
"1463","2022","04","Zuid",410,2022-04-01
"1464","2022","04",NA,436,2022-04-01
"1465","2022","05","Bijlmer-Centrum",155,2022-05-01
"1466","2022","05","Bijlmer-Oost",47,2022-05-01
"1467","2022","05","Bos en Lommer",286,2022-05-01
"1468","2022","05","Buitenveldert - Zuidas",173,2022-05-01
"1469","2022","05","Centrum-Oost",1168,2022-05-01
"1470","2022","05","Centrum-West",1723,2022-05-01
"1471","2022","05","De Aker - Nieuw Sloten",177,2022-05-01
"1472","2022","05","De Baarsjes - Oud-West",932,2022-05-01
"1473","2022","05","De Pijp - Rivierenbuurt",677,2022-05-01
"1474","2022","05","Gaasperdam - Driemond",134,2022-05-01
"1475","2022","05","Geuzenveld - Slotermeer",176,2022-05-01
"1476","2022","05","IJburg - Zeeburgereiland",134,2022-05-01
"1477","2022","05","Noord-Oost",270,2022-05-01
"1478","2022","05","Noord-West",198,2022-05-01
"1479","2022","05","Oostelijk Havengebied - Indische Buurt",188,2022-05-01
"1480","2022","05","Osdorp",340,2022-05-01
"1481","2022","05","Oud-Noord",322,2022-05-01
"1482","2022","05","Oud-Oost",290,2022-05-01
"1483","2022","05","Slotervaart",94,2022-05-01
"1484","2022","05","Watergraafsmeer",237,2022-05-01
"1485","2022","05","Westerpark",323,2022-05-01
"1486","2022","05","Zuid",371,2022-05-01
"1487","2022","05",NA,534,2022-05-01
"1488","2022","06","Bijlmer-Centrum",22,2022-06-01
"1489","2022","06","Bijlmer-Oost",5,2022-06-01
"1490","2022","06","Bos en Lommer",15,2022-06-01
"1491","2022","06","Buitenveldert - Zuidas",12,2022-06-01
"1492","2022","06","Centrum-Oost",84,2022-06-01
"1493","2022","06","Centrum-West",101,2022-06-01
"1494","2022","06","De Aker - Nieuw Sloten",12,2022-06-01
"1495","2022","06","De Baarsjes - Oud-West",41,2022-06-01
"1496","2022","06","De Pijp - Rivierenbuurt",46,2022-06-01
"1497","2022","06","Gaasperdam - Driemond",7,2022-06-01
"1498","2022","06","Geuzenveld - Slotermeer",8,2022-06-01
"1499","2022","06","IJburg - Zeeburgereiland",7,2022-06-01
"1500","2022","06","Noord-Oost",21,2022-06-01
"1501","2022","06","Noord-West",6,2022-06-01
"1502","2022","06","Oostelijk Havengebied - Indische Buurt",9,2022-06-01
"1503","2022","06","Osdorp",20,2022-06-01
"1504","2022","06","Oud-Noord",24,2022-06-01
"1505","2022","06","Oud-Oost",14,2022-06-01
"1506","2022","06","Slotervaart",4,2022-06-01
"1507","2022","06","Watergraafsmeer",18,2022-06-01
"1508","2022","06","Westerpark",21,2022-06-01
"1509","2022","06","Zuid",17,2022-06-01
"1510","2022","06",NA,35,2022-06-01
